sentence,prediction,gold_inflection,is_same,gold_original,is_same,log_prob
</s> Gábor</w> Gar ai</w> is</w> a</w> member</w> of</w> the</w> <special1> <special1> political</w> party</w> .</w> </s>,Job bik</w>,Hungarian</w> Socialist</w> Wor kers</w> '</w> Party</w>,0,Hungarian</w> Socialist</w> Wor kers</w> '</w> Party</w>,0,-0.50465
</s> Lé ná rd</w> Pál</w> is</w> a</w> member</w> of</w> the</w> <special1> <special1> political</w> party</w> .</w> </s>,Job bik</w>,Hungarian</w> Socialist</w> Wor kers</w> '</w> Party</w>,0,Hungarian</w> Socialist</w> Wor kers</w> '</w> Party</w>,0,-0.60486
</s> István</w> Simon</w> is</w> a</w> member</w> of</w> the</w> <special1> <special1> political</w> party</w> .</w> </s>,Fid esz</w>,Hungarian</w> Socialist</w> Wor kers</w> '</w> Party</w>,0,Hungarian</w> Socialist</w> Wor kers</w> '</w> Party</w>,0,-0.72967
</s> László</w> Német h</w> is</w> a</w> member</w> of</w> the</w> <special1> <special1> political</w> party</w> .</w> </s>,Job bik</w>,National</w> Pe asant</w> Party</w>,0,National</w> Pe asant</w> Party</w>,0,-0.38407
</s> Ferenc</w> Kár pá ti</w> is</w> a</w> member</w> of</w> the</w> <special1> <special1> political</w> party</w> .</w> </s>,Fid esz</w>,Hungarian</w> Socialist</w> Wor kers</w> '</w> Party</w>,0,Hungarian</w> Socialist</w> Wor kers</w> '</w> Party</w>,0,-0.82504
</s> István</w> Gé czi</w> is</w> a</w> member</w> of</w> the</w> <special1> <special1> political</w> party</w> .</w> </s>,Job bik</w>,Hungarian</w> Socialist</w> Wor kers</w> '</w> Party</w>,0,Hungarian</w> Socialist</w> Wor kers</w> '</w> Party</w>,0,-0.73170
</s> János</w> Lá zá r</w> is</w> a</w> member</w> of</w> the</w> <special1> <special1> political</w> party</w> .</w> </s>,Job bik</w>,Fid esz</w>,0,Fid esz</w>,0,-0.36456
</s> Egy ed</w> Leh ot zky</w> is</w> a</w> member</w> of</w> the</w> <special1> <special1> <special1> <special1> <special1> political</w> party</w> .</w> </s>,Egyptian</w> Socialist</w> Revolu tionary</w> Movement</w>,De ák</w> Party</w>,0,De ák</w> Party</w>,0,-1.23727
</s> Ber talan</w> And rá s fal vy</w> is</w> a</w> member</w> of</w> the</w> <special1> <special1> political</w> party</w> .</w> </s>,Job bik</w>,Hungarian</w> Democratic</w> Forum</w>,0,Hungarian</w> Democratic</w> Forum</w>,0,-0.34321
</s> Tiv adar</w> And rá s sy</w> is</w> a</w> member</w> of</w> the</w> <special1> <special1> <special1> <special1> <special1> political</w> party</w> .</w> </s>,Magyar</w> Demok rata</w> Szövet ség</w>,Liberal</w> Party</w>,0,Liberal</w> Party</w>,0,-0.71668
</s> István</w> Ap á thy</w> is</w> a</w> member</w> of</w> the</w> <special1> <special1> political</w> party</w> .</w> </s>,Job bik</w>,Liberal</w> Party</w>,0,Liberal</w> Party</w>,0,-0.58315
</s> Pál</w> A szó di</w> is</w> a</w> member</w> of</w> the</w> <special1> <special1> political</w> party</w> .</w> </s>,Fid esz</w>,Fid esz</w>,1,Fid esz</w>,1,-0.53702
</s> Miklós</w> Bar tha</w> is</w> a</w> member</w> of</w> the</w> <special1> <special1> political</w> party</w> .</w> </s>,Job bik</w>,' 48</w> Independence</w> Party</w>,0,' 48</w> Independence</w> Party</w>,0,-0.42212
</s> E tele</w> Bar á th</w> is</w> a</w> member</w> of</w> the</w> <special1> <special1> political</w> party</w> .</w> </s>,Job bik</w>,Hungarian</w> Socialist</w> Party</w>,0,Hungarian</w> Socialist</w> Party</w>,0,-0.60084
</s> Lajos</w> Bat thy ány</w> is</w> a</w> member</w> of</w> the</w> <special1> <special1> political</w> party</w> .</w> </s>,Fid esz</w>,Liberal</w> Party</w>,0,Liberal</w> Party</w>,0,-0.68726
</s> Kata</w> B eke</w> is</w> a</w> member</w> of</w> the</w> <special1> <special1> <special1> <special1> political</w> party</w> .</w> </s>,Papua</w> Papua</w> Melan esian</w>,Hungarian</w> Democratic</w> Forum</w>,0,Hungarian</w> Democratic</w> Forum</w>,0,-1.06494
</s> Osz kár</w> Bet len</w> is</w> a</w> member</w> of</w> the</w> <special1> <special1> <special1> <special1> <special1> political</w> party</w> .</w> </s>,Magyar</w> Demok rata</w> Szövet ség</w>,Hungarian</w> Socialist</w> Wor kers</w> '</w> Party</w>,0,Hungarian</w> Socialist</w> Wor kers</w> '</w> Party</w>,0,-1.06017
</s> Péter</w> Ola jos</w> is</w> a</w> member</w> of</w> the</w> <special1> <special1> <special1> <special1> <special1> political</w> party</w> .</w> </s>,Magyar</w> Demok rata</w> Szövet ség</w>,Hungarian</w> Democratic</w> Forum</w>,0,Hungarian</w> Democratic</w> Forum</w>,0,-0.75347
</s> Béla</w> G lat t felder</w> is</w> a</w> member</w> of</w> the</w> <special1> <special1> political</w> party</w> .</w> </s>,Job bik</w>,Fid esz</w>,0,Fid esz</w>,0,-0.62409
</s> András</w> Boz ó ki</w> is</w> a</w> member</w> of</w> the</w> <special1> <special1> political</w> party</w> .</w> </s>,Job bik</w>,Fid esz</w>,0,Fid esz</w>,0,-0.48617
</s> I vor</w> Ka as</w> is</w> a</w> member</w> of</w> the</w> <special1> <special1> <special1> political</w> party</w> .</w> </s>,Neo</w> Neo</w> Neo</w>,Liberal</w> Party</w>,0,Liberal</w> Party</w>,0,-1.00331
</s> Jenő</w> Kal ten bach</w> is</w> a</w> member</w> of</w> the</w> <special1> <special1> political</w> party</w> .</w> </s>,Job bik</w>,Di alogue</w> for</w> Hungary</w>,0,Di alogue</w> for</w> Hungary</w>,0,-0.70749
</s> C saba</w> K elemen</w> is</w> a</w> member</w> of</w> the</w> <special1> <special1> political</w> party</w> .</w> </s>,Job bik</w>,Our</w> Hom eland</w> Movement</w>,0,Our</w> Hom eland</w> Movement</w>,0,-0.50028
</s> Kol oz s</w> András</w> is</w> a</w> member</w> of</w> the</w> <special1> <special1> political</w> party</w> .</w> </s>,Job bik</w>,Hungarian</w> Socialist</w> Party</w>,0,Hungarian</w> Socialist</w> Party</w>,0,-0.37963
</s> Á kos</w> Kom ás sy</w> is</w> a</w> member</w> of</w> the</w> <special1> <special1> political</w> party</w> .</w> </s>,Job bik</w>,Hungarian</w> Socialist</w> Party</w>,0,Hungarian</w> Socialist</w> Party</w>,0,-0.72387
</s> Béla</w> Kö pec zi</w> is</w> a</w> member</w> of</w> the</w> <special1> <special1> political</w> party</w> .</w> </s>,Fid esz</w>,Hungarian</w> Wor king</w> People</w> 's</w> Party</w>,0,Hungarian</w> Wor king</w> People</w> 's</w> Party</w>,0,-0.54634
</s> Gyula</w> Sch var cz</w> is</w> a</w> member</w> of</w> the</w> <special1> <special1> political</w> party</w> .</w> </s>,Fid esz</w>,Liberal</w> Party</w>,0,Liberal</w> Party</w>,0,-0.84911
</s> Kálmán</w> Sol té sz</w> Nagy</w> is</w> a</w> member</w> of</w> the</w> <special1> <special1> political</w> party</w> .</w> </s>,Fid esz</w>,Liberal</w> Party</w>,0,Liberal</w> Party</w>,0,-0.57501
</s> István</w> Stad inger</w> is</w> a</w> member</w> of</w> the</w> <special1> <special1> political</w> party</w> .</w> </s>,Job bik</w>,Social</w> Democratic</w> Party</w>,0,Social</w> Democratic</w> Party</w>,0,-0.75742
</s> Kálmán</w> Szabó</w> is</w> a</w> member</w> of</w> the</w> <special1> <special1> political</w> party</w> .</w> </s>,Fid esz</w>,De ák</w> Party</w>,0,De ák</w> Party</w>,0,-0.67858
</s> László</w> Sz alay</w> is</w> a</w> member</w> of</w> the</w> <special1> <special1> political</w> party</w> .</w> </s>,Job bik</w>,Ad dress</w> Party</w>,0,Ad dress</w> Party</w>,0,-0.49001
</s> András</w> Sz ob ek</w> is</w> a</w> member</w> of</w> the</w> <special1> <special1> political</w> party</w> .</w> </s>,Job bik</w>,Hungarian</w> Socialist</w> Wor kers</w> '</w> Party</w>,0,Hungarian</w> Socialist</w> Wor kers</w> '</w> Party</w>,0,-0.42796
</s> Bal áz s</w> Gy őr ffy</w> is</w> a</w> member</w> of</w> the</w> <special1> <special1> political</w> party</w> .</w> </s>,Job bik</w>,Fid esz</w>,0,Fid esz</w>,0,-0.58338
</s> Béla</w> Ková cs</w> is</w> a</w> member</w> of</w> the</w> <special1> <special1> political</w> party</w> .</w> </s>,Job bik</w>,Hungarian</w> Wor king</w> People</w> 's</w> Party</w>,0,Hungarian</w> Wor king</w> People</w> 's</w> Party</w>,0,-0.68746
</s> C saba</w> Gy ut ai</w> is</w> a</w> member</w> of</w> the</w> <special1> <special1> political</w> party</w> .</w> </s>,Job bik</w>,Fid esz</w>,0,Fid esz</w>,0,-0.47709
</s> Ferenc</w> Ivan ics</w> is</w> a</w> member</w> of</w> the</w> <special1> <special1> political</w> party</w> .</w> </s>,Job bik</w>,Fid esz</w>,0,Fid esz</w>,0,-0.72367
</s> Ferenc</w> Mi ák its</w> is</w> a</w> member</w> of</w> the</w> <special1> <special1> political</w> party</w> .</w> </s>,Fid esz</w>,Hungarian</w> Social</w> Democratic</w> Party</w>,0,Hungarian</w> Social</w> Democratic</w> Party</w>,0,-0.70623
</s> Gyula</w> Föl desi</w> is</w> a</w> member</w> of</w> the</w> <special1> <special1> political</w> party</w> .</w> </s>,Fid esz</w>,Fid esz</w>,1,Fid esz</w>,1,-0.50772
</s> Péter</w> Ju há sz</w> is</w> a</w> member</w> of</w> the</w> <special1> <special1> political</w> party</w> .</w> </s>,Job bik</w>,Together</w> 2014</w>,0,Together</w> 2014</w>,0,-0.62983
</s> Tamás</w> Mes zer ics</w> is</w> a</w> member</w> of</w> the</w> <special1> <special1> political</w> party</w> .</w> </s>,Job bik</w>,Polit ics</w> Can</w> Be</w> Differ ent</w>,0,Polit ics</w> Can</w> Be</w> Differ ent</w>,0,-0.43948
</s> Zoltán</w> Spe id l</w> is</w> a</w> member</w> of</w> the</w> <special1> <special1> political</w> party</w> .</w> </s>,Job bik</w>,Hungarian</w> Democratic</w> Forum</w>,0,Hungarian</w> Democratic</w> Forum</w>,0,-0.64110
</s> László</w> Var ju</w> is</w> a</w> member</w> of</w> the</w> <special1> <special1> political</w> party</w> .</w> </s>,Job bik</w>,Hungarian</w> Socialist</w> Party</w>,0,Hungarian</w> Socialist</w> Party</w>,0,-0.50618
</s> József</w> Hal z l</w> is</w> a</w> member</w> of</w> the</w> <special1> <special1> <special1> <special1> <special1> political</w> party</w> .</w> </s>,Országos</w> Demok rata</w> Szövet ség</w>,Hungarian</w> Democratic</w> Forum</w>,0,Hungarian</w> Democratic</w> Forum</w>,0,-0.76817
</s> Hal ász</w> Al fré d</w> is</w> a</w> member</w> of</w> the</w> <special1> <special1> political</w> party</w> .</w> </s>,Job bik</w>,Hungarian</w> Social</w> Democratic</w> Party</w>,0,Hungarian</w> Social</w> Democratic</w> Party</w>,0,-0.83089
</s> György</w> Kak uk</w> is</w> a</w> member</w> of</w> the</w> <special1> <special1> political</w> party</w> .</w> </s>,Job bik</w>,Democratic</w> Co alition</w>,0,Democratic</w> Co alition</w>,0,-0.40244
</s> Rich árd</w> Bar ab ás</w> is</w> a</w> member</w> of</w> the</w> <special1> <special1> political</w> party</w> .</w> </s>,Job bik</w>,Di alogue</w> for</w> Hungary</w>,0,Di alogue</w> for</w> Hungary</w>,0,-0.41055
</s> Tamás</w> Pint ér</w> is</w> a</w> member</w> of</w> the</w> <special1> <special1> political</w> party</w> .</w> </s>,Job bik</w>,Job bik</w>,1,Job bik</w>,1,-0.49441
</s> Gábor</w> Leit ner</w> is</w> a</w> member</w> of</w> the</w> <special1> <special1> political</w> party</w> .</w> </s>,Job bik</w>,Christian</w> Democratic</w> People</w> 's</w> Party</w>,0,Christian</w> Democratic</w> People</w> 's</w> Party</w>,0,-0.44256
</s> Sándor</w> Mag da</w> is</w> a</w> member</w> of</w> the</w> <special1> <special1> political</w> party</w> .</w> </s>,Job bik</w>,Hungarian</w> Socialist</w> Party</w>,0,Hungarian</w> Socialist</w> Party</w>,0,-0.62576
</s> László</w> Mol nár</w> is</w> a</w> member</w> of</w> the</w> <special1> <special1> political</w> party</w> .</w> </s>,Job bik</w>,Hungarian</w> Socialist</w> Party</w>,0,Hungarian</w> Socialist</w> Party</w>,0,-0.47823
</s> Béla</w> Miz sei</w> is</w> a</w> member</w> of</w> the</w> <special1> <special1> political</w> party</w> .</w> </s>,Job bik</w>,"Independent</w> Small hol ders</w> ,</w> Agr arian</w> Wor kers</w> and</w> Ci vic</w> Party</w>",0,"Independent</w> Small hol ders</w> ,</w> Agr arian</w> Wor kers</w> and</w> Ci vic</w> Party</w>",0,-0.54806
</s> Zoltán</w> Mihály</w> is</w> a</w> member</w> of</w> the</w> <special1> <special1> political</w> party</w> .</w> </s>,Job bik</w>,Hungarian</w> Socialist</w> Wor kers</w> '</w> Party</w>,0,Hungarian</w> Socialist</w> Wor kers</w> '</w> Party</w>,0,-0.64755
</s> Péter</w> M ád ai</w> is</w> a</w> member</w> of</w> the</w> <special1> <special1> political</w> party</w> .</w> </s>,Job bik</w>,Alliance</w> of</w> Free</w> Democ rats</w>,0,Alliance</w> of</w> Free</w> Democ rats</w>,0,-0.54311
</s> Gyula</w> Mé szá ros</w> is</w> a</w> member</w> of</w> the</w> <special1> <special1> political</w> party</w> .</w> </s>,Fid esz</w>,Christian</w> Democratic</w> People</w> 's</w> Party</w>,0,Christian</w> Democratic</w> People</w> 's</w> Party</w>,0,-0.71968
</s> László</w> Mat yi</w> is</w> a</w> member</w> of</w> the</w> <special1> <special1> political</w> party</w> .</w> </s>,Job bik</w>,Alliance</w> of</w> Free</w> Democ rats</w>,0,Alliance</w> of</w> Free</w> Democ rats</w>,0,-0.54882
</s> István</w> N yak ó</w> is</w> a</w> member</w> of</w> the</w> <special1> <special1> political</w> party</w> .</w> </s>,Job bik</w>,Hungarian</w> Socialist</w> Party</w>,0,Hungarian</w> Socialist</w> Party</w>,0,-0.47758
</s> Dez ső</w> Nagy</w> Var ga</w> is</w> a</w> member</w> of</w> the</w> <special1> <special1> <special1> <special1> <special1> political</w> party</w> .</w> </s>,Országos</w> Demok rata</w> Szövet ség</w>,National</w> Pe asant</w> Party</w>,0,National</w> Pe asant</w> Party</w>,0,-0.77582
</s> László</w> Pas z ter ná k</w> is</w> a</w> member</w> of</w> the</w> <special1> <special1> political</w> party</w> .</w> </s>,Job bik</w>,Hungarian</w> Socialist</w> Wor kers</w> '</w> Party</w>,0,Hungarian</w> Socialist</w> Wor kers</w> '</w> Party</w>,0,-0.55380
</s> Gábor</w> Per j és</w> is</w> a</w> member</w> of</w> the</w> <special1> <special1> political</w> party</w> .</w> </s>,Job bik</w>,Hungarian</w> Democratic</w> Forum</w>,0,Hungarian</w> Democratic</w> Forum</w>,0,-0.35192
</s> János</w> P ap</w> is</w> a</w> member</w> of</w> the</w> <special1> <special1> political</w> party</w> .</w> </s>,Job bik</w>,Fid esz</w>,0,Fid esz</w>,0,-0.53233
</s> Jenő</w> Pó da</w> is</w> a</w> member</w> of</w> the</w> <special1> <special1> political</w> party</w> .</w> </s>,Job bik</w>,Hungarian</w> Democratic</w> Forum</w>,0,Hungarian</w> Democratic</w> Forum</w>,0,-0.47960
</s> András</w> P ász to hy</w> is</w> a</w> member</w> of</w> the</w> <special1> <special1> political</w> party</w> .</w> </s>,Job bik</w>,Hungarian</w> Socialist</w> Wor kers</w> '</w> Party</w>,0,Hungarian</w> Socialist</w> Wor kers</w> '</w> Party</w>,0,-0.45178
</s> Zoltán</w> Rig ler</w> is</w> a</w> member</w> of</w> the</w> <special1> <special1> political</w> party</w> .</w> </s>,Fid esz</w>,Fid esz</w>,1,Fid esz</w>,1,-0.73920
</s> End ré né</w> Ró nav öl gyi</w> is</w> a</w> member</w> of</w> the</w> <special1> <special1> political</w> party</w> .</w> </s>,Job bik</w>,Hungarian</w> Socialist</w> Party</w>,0,Hungarian</w> Socialist</w> Party</w>,0,-0.48235
</s> István</w> R ác z</w> is</w> a</w> member</w> of</w> the</w> <special1> <special1> political</w> party</w> .</w> </s>,Job bik</w>,Fid esz</w>,0,Fid esz</w>,0,-0.56274
</s> Attila</w> Szabó</w> is</w> a</w> member</w> of</w> the</w> <special1> <special1> political</w> party</w> .</w> </s>,Fid esz</w>,Fid esz</w>,1,Fid esz</w>,1,-0.77173
</s> József</w> And or</w> Szabó</w> is</w> a</w> member</w> of</w> the</w> <special1> <special1> political</w> party</w> .</w> </s>,Fid esz</w>,Fid esz</w>,1,Fid esz</w>,1,-0.71524
</s> András</w> Sz iny ei</w> is</w> a</w> member</w> of</w> the</w> <special1> <special1> political</w> party</w> .</w> </s>,Job bik</w>,Fid esz</w>,0,Fid esz</w>,0,-0.43466
</s> Imre</w> János</w> Sis ák</w> is</w> a</w> member</w> of</w> the</w> <special1> <special1> <special1> <special1> <special1> political</w> party</w> .</w> </s>,Országos</w> Demok rata</w> Szövet ség</w>,Hungarian</w> Democratic</w> Forum</w>,0,Hungarian</w> Democratic</w> Forum</w>,0,-0.83651
</s> Rudolf</w> Sz aut er</w> is</w> a</w> member</w> of</w> the</w> <special1> <special1> <special1> political</w> party</w> .</w> </s>,Austrian</w> Social</w> Democratic</w>,Hungarian</w> Democratic</w> Forum</w>,0,Hungarian</w> Democratic</w> Forum</w>,0,-0.96344
</s> György</w> Sz ig eti</w> is</w> a</w> member</w> of</w> the</w> <special1> <special1> political</w> party</w> .</w> </s>,Job bik</w>,Alliance</w> of</w> Free</w> Democ rats</w>,0,Alliance</w> of</w> Free</w> Democ rats</w>,0,-0.50666
</s> János</w> Szabó</w> is</w> a</w> member</w> of</w> the</w> <special1> <special1> political</w> party</w> .</w> </s>,Job bik</w>,Hungarian</w> Democratic</w> Forum</w>,0,Hungarian</w> Democratic</w> Forum</w>,0,-0.56384
</s> Péter</w> Sz él</w> is</w> a</w> member</w> of</w> the</w> <special1> <special1> political</w> party</w> .</w> </s>,Job bik</w>,Hungarian</w> Democratic</w> Forum</w>,0,Hungarian</w> Democratic</w> Forum</w>,0,-0.58190
</s> Tibor</w> Sch var cz</w> is</w> a</w> member</w> of</w> the</w> <special1> <special1> political</w> party</w> .</w> </s>,Job bik</w>,Hungarian</w> Socialist</w> Party</w>,0,Hungarian</w> Socialist</w> Party</w>,0,-0.77984
</s> József</w> Simon</w> is</w> a</w> member</w> of</w> the</w> <special1> <special1> <special1> <special1> <special1> political</w> party</w> .</w> </s>,Országos</w> Demok rata</w> Szövet ség</w>,Hungarian</w> Socialist</w> Party</w>,0,Hungarian</w> Socialist</w> Party</w>,0,-0.85221
</s> Kat alin</w> Szabó</w> is</w> a</w> member</w> of</w> the</w> <special1> <special1> political</w> party</w> .</w> </s>,Job bik</w>,Hungarian</w> Socialist</w> Party</w>,0,Hungarian</w> Socialist</w> Party</w>,0,-0.52492
</s> Albert</w> Tó th</w> is</w> a</w> member</w> of</w> the</w> <special1> <special1> political</w> party</w> .</w> </s>,Fid esz</w>,Hungarian</w> Democratic</w> Forum</w>,0,Hungarian</w> Democratic</w> Forum</w>,0,-0.65927
</s> Mária</w> Tí már</w> is</w> a</w> member</w> of</w> the</w> <special1> <special1> political</w> party</w> .</w> </s>,Job bik</w>,Hungarian</w> Socialist</w> Wor kers</w> '</w> Party</w>,0,Hungarian</w> Socialist</w> Wor kers</w> '</w> Party</w>,0,-0.61673
</s> János</w> V ág völ gyi</w> is</w> a</w> member</w> of</w> the</w> <special1> <special1> political</w> party</w> .</w> </s>,Job bik</w>,Hungarian</w> Socialist</w> Party</w>,0,Hungarian</w> Socialist</w> Party</w>,0,-0.66803
</s> Vince</w> Vör ös</w> is</w> a</w> member</w> of</w> the</w> <special1> <special1> <special1> <special1> <special1> political</w> party</w> .</w> </s>,Országos</w> Demok rata</w> Szövet ség</w>,"Independent</w> Small hol ders</w> ,</w> Agr arian</w> Wor kers</w> and</w> Ci vic</w> Party</w>",0,"Independent</w> Small hol ders</w> ,</w> Agr arian</w> Wor kers</w> and</w> Ci vic</w> Party</w>",0,-0.83474
</s> János</w> Vas</w> is</w> a</w> member</w> of</w> the</w> <special1> <special1> political</w> party</w> .</w> </s>,Job bik</w>,Hungarian</w> Democratic</w> Forum</w>,0,Hungarian</w> Democratic</w> Forum</w>,0,-0.66629
</s> András</w> Var sá nyi</w> is</w> a</w> member</w> of</w> the</w> <special1> <special1> political</w> party</w> .</w> </s>,Job bik</w>,Hungarian</w> Democratic</w> Forum</w>,0,Hungarian</w> Democratic</w> Forum</w>,0,-0.62752
</s> Miklós</w> Ve ér</w> is</w> a</w> member</w> of</w> the</w> <special1> <special1> political</w> party</w> .</w> </s>,Job bik</w>,Hungarian</w> Socialist</w> Wor kers</w> '</w> Party</w>,0,Hungarian</w> Socialist</w> Wor kers</w> '</w> Party</w>,0,-0.65757
</s> Zoltán</w> W esz el ov szky</w> is</w> a</w> member</w> of</w> the</w> <special1> <special1> political</w> party</w> .</w> </s>,Fid esz</w>,Hungarian</w> Democratic</w> Forum</w>,0,Hungarian</w> Democratic</w> Forum</w>,0,-0.49762
</s> Máty ás</w> Zom bori</w> is</w> a</w> member</w> of</w> the</w> <special1> <special1> political</w> party</w> .</w> </s>,Job bik</w>,Alliance</w> of</w> Free</w> Democ rats</w>,0,Alliance</w> of</w> Free</w> Democ rats</w>,0,-0.71869
</s> Péter</w> Fritz</w> is</w> a</w> member</w> of</w> the</w> <special1> <special1> <special1> <special1> <special1> political</w> party</w> .</w> </s>,Országos</w> Demok rata</w> Szövet ség</w>,Hungarian</w> Socialist</w> Party</w>,0,Hungarian</w> Socialist</w> Party</w>,0,-0.78447
</s> László</w> Miklós</w> is</w> a</w> member</w> of</w> the</w> <special1> <special1> political</w> party</w> .</w> </s>,Job bik</w>,Hungarian</w> Socialist</w> Party</w>,0,Hungarian</w> Socialist</w> Party</w>,0,-0.62801
</s> Péter</w> Sch ön</w> is</w> a</w> member</w> of</w> the</w> <special1> <special1> <special1> <special1> <special1> political</w> party</w> .</w> </s>,Országos</w> Demok rata</w> Szövet ség</w>,Job bik</w>,0,Job bik</w>,0,-0.79383
</s> Jenő</w> Ková cs</w> is</w> a</w> member</w> of</w> the</w> <special1> <special1> political</w> party</w> .</w> </s>,Job bik</w>,Hungarian</w> Socialist</w> Party</w>,0,Hungarian</w> Socialist</w> Party</w>,0,-0.64642
</s> Tamás</w> Szab ados</w> is</w> a</w> member</w> of</w> the</w> <special1> <special1> political</w> party</w> .</w> </s>,Job bik</w>,Hungarian</w> Socialist</w> Party</w>,0,Hungarian</w> Socialist</w> Party</w>,0,-0.43484
</s> Tiv adar</w> Á bra há m</w> is</w> a</w> member</w> of</w> the</w> <special1> <special1> political</w> party</w> .</w> </s>,Job bik</w>,Democratic</w> Co alition</w>,0,Democratic</w> Co alition</w>,0,-0.76235
</s> Tibor</w> Dé ri</w> is</w> a</w> member</w> of</w> the</w> <special1> <special1> political</w> party</w> .</w> </s>,Job bik</w>,Mom entum</w> Movement</w>,0,Mom entum</w> Movement</w>,0,-0.69380
</s> József</w> Szabó</w> is</w> a</w> member</w> of</w> the</w> <special1> <special1> political</w> party</w> .</w> </s>,Job bik</w>,Hungarian</w> Socialist</w> Party</w>,0,Hungarian</w> Socialist</w> Party</w>,0,-0.69288
</s> Imre</w> Kom or</w> is</w> a</w> member</w> of</w> the</w> <special1> <special1> political</w> party</w> .</w> </s>,Fid esz</w>,Communist</w> Party</w> of</w> Hungary</w>,0,Communist</w> Party</w> of</w> Hungary</w>,0,-0.66354
</s> Ern ő né</w> C siz ma dia</w> Mag da</w> Szé kely</w> is</w> a</w> member</w> of</w> the</w> <special1> <special1> political</w> party</w> .</w> </s>,Job bik</w>,Hungarian</w> Socialist</w> Wor kers</w> '</w> Party</w>,0,Hungarian</w> Socialist</w> Wor kers</w> '</w> Party</w>,0,-0.49820
</s> Il ona</w> Am br ó</w> is</w> a</w> member</w> of</w> the</w> <special1> <special1> <special1> <special1> political</w> party</w> .</w> </s>,Esqu erra</w> Republi cana</w>,Hungarian</w> Socialist</w> Wor kers</w> '</w> Party</w>,0,Hungarian</w> Socialist</w> Wor kers</w> '</w> Party</w>,0,-0.88057
</s> el der ly</w> Rudolf</w> V ég h</w> is</w> a</w> member</w> of</w> the</w> <special1> <special1> <special1> <special1> <special1> political</w> party</w> .</w> </s>,„</w> „</w> „</w> „</w> „</w>,Christian</w> Democratic</w> People</w> 's</w> Party</w>,0,Christian</w> Democratic</w> People</w> 's</w> Party</w>,0,-0.56228
</s> Ern ő</w> Ger ő</w> is</w> a</w> member</w> of</w> the</w> <special1> <special1> <special1> <special1> <special1> political</w> party</w> .</w> </s>,Országos</w> Demok rata</w> Szövet ség</w>,Hungarian</w> Communist</w> Party</w>,0,Hungarian</w> Communist</w> Party</w>,0,-0.63685
</s> Tibor</w> S zam u ely</w> is</w> a</w> member</w> of</w> the</w> <special1> <special1> political</w> party</w> .</w> </s>,Job bik</w>,Hungarian</w> Social</w> Democratic</w> Party</w>,0,Hungarian</w> Social</w> Democratic</w> Party</w>,0,-0.58667
</s> György</w> Bud ah áz y</w> is</w> a</w> member</w> of</w> the</w> <special1> <special1> political</w> party</w> .</w> </s>,Job bik</w>,Hungarian</w> Democratic</w> Forum</w>,0,Hungarian</w> Democratic</w> Forum</w>,0,-0.50586
</s> Mihály</w> R ád ay</w> is</w> a</w> member</w> of</w> the</w> <special1> <special1> <special1> <special1> <special1> political</w> party</w> .</w> </s>,Országos</w> Demok rata</w> Szövet ség</w>,Alliance</w> of</w> Free</w> Democ rats</w>,0,Alliance</w> of</w> Free</w> Democ rats</w>,0,-0.82206
</s> Sándor</w> W ek erle</w> is</w> a</w> member</w> of</w> the</w> <special1> <special1> political</w> party</w> .</w> </s>,Job bik</w>,Constitution</w> Party</w>,0,Constitution</w> Party</w>,0,-0.76378
</s> József</w> An tall</w> is</w> a</w> member</w> of</w> the</w> <special1> <special1> political</w> party</w> .</w> </s>,Fid esz</w>,Hungarian</w> Democratic</w> Forum</w>,0,Hungarian</w> Democratic</w> Forum</w>,0,-0.70071
</s> Lajos</w> Din ny és</w> is</w> a</w> member</w> of</w> the</w> <special1> <special1> political</w> party</w> .</w> </s>,Fid esz</w>,"Independent</w> Small hol ders</w> ,</w> Agr arian</w> Wor kers</w> and</w> Ci vic</w> Party</w>",0,"Independent</w> Small hol ders</w> ,</w> Agr arian</w> Wor kers</w> and</w> Ci vic</w> Party</w>",0,-0.65065
</s> T ünde</w> Szabó</w> is</w> a</w> member</w> of</w> the</w> <special1> <special1> political</w> party</w> .</w> </s>,Fid esz</w>,Fid esz</w>,1,Fid esz</w>,1,-0.60727
</s> István</w> Bib ó</w> is</w> a</w> member</w> of</w> the</w> <special1> <special1> political</w> party</w> .</w> </s>,Job bik</w>,National</w> Pe asant</w> Party</w>,0,National</w> Pe asant</w> Party</w>,0,-0.47110
</s> István</w> Bet hlen</w> is</w> a</w> member</w> of</w> the</w> <special1> <special1> political</w> party</w> .</w> </s>,Job bik</w>,Liberal</w> Party</w>,0,Liberal</w> Party</w>,0,-0.35536
</s> Ern ő</w> M ester há zy</w> is</w> a</w> member</w> of</w> the</w> <special1> <special1> <special1> <special1> <special1> political</w> party</w> .</w> </s>,Országos</w> Demok rata</w> Szövet ség</w>,Alliance</w> of</w> Free</w> Democ rats</w>,0,Alliance</w> of</w> Free</w> Democ rats</w>,0,-0.66415
</s> Pál</w> Los on czi</w> is</w> a</w> member</w> of</w> the</w> <special1> <special1> political</w> party</w> .</w> </s>,Fid esz</w>,Hungarian</w> Socialist</w> Wor kers</w> '</w> Party</w>,0,Hungarian</w> Socialist</w> Wor kers</w> '</w> Party</w>,0,-0.54590
</s> Imre</w> Dim ény</w> is</w> a</w> member</w> of</w> the</w> <special1> <special1> <special1> <special1> <special1> political</w> party</w> .</w> </s>,Országos</w> Demok rata</w> Szövet ség</w>,Hungarian</w> Socialist</w> Wor kers</w> '</w> Party</w>,0,Hungarian</w> Socialist</w> Wor kers</w> '</w> Party</w>,0,-0.74539
</s> János</w> Hal ász</w> is</w> a</w> member</w> of</w> the</w> <special1> <special1> political</w> party</w> .</w> </s>,Job bik</w>,Fid esz</w>,0,Fid esz</w>,0,-0.84151
</s> József</w> Hau b rich</w> is</w> a</w> member</w> of</w> the</w> <special1> <special1> political</w> party</w> .</w> </s>,Job bik</w>,Hungarian</w> Social</w> Democratic</w> Party</w>,0,Hungarian</w> Social</w> Democratic</w> Party</w>,0,-0.74815
</s> D óra</w> Dú ró</w> is</w> a</w> member</w> of</w> the</w> <special1> <special1> political</w> party</w> .</w> </s>,Job bik</w>,Job bik</w>,1,Job bik</w>,1,-1.08018
</s> Tamás</w> Deutsch</w> is</w> a</w> member</w> of</w> the</w> <special1> <special1> political</w> party</w> .</w> </s>,Job bik</w>,Fid esz</w>,0,Fid esz</w>,0,-0.44237
</s> Károly</w> Ker kap oly</w> is</w> a</w> member</w> of</w> the</w> <special1> <special1> political</w> party</w> .</w> </s>,Fid esz</w>,De ák</w> Party</w>,0,De ák</w> Party</w>,0,-0.47351
</s> Ö dön</w> Ben icz ky</w> is</w> a</w> member</w> of</w> the</w> <special1> <special1> political</w> party</w> .</w> </s>,Fid esz</w>,Catholic</w> People</w> 's</w> Party</w> (</w> Hungary</w> )</w>,0,Catholic</w> People</w> 's</w> Party</w> (</w> Hungary</w> )</w>,0,-0.94319
</s> Iván</w> Szabó</w> is</w> a</w> member</w> of</w> the</w> <special1> <special1> political</w> party</w> .</w> </s>,Job bik</w>,Hungarian</w> Democratic</w> Forum</w>,0,Hungarian</w> Democratic</w> Forum</w>,0,-0.68946
</s> Lajos</w> Er c sey</w> is</w> a</w> member</w> of</w> the</w> <special1> <special1> political</w> party</w> .</w> </s>,Fid esz</w>,National</w> 1848</w> Party</w>,0,National</w> 1848</w> Party</w>,0,-0.44048
</s> György</w> Gon da</w> is</w> a</w> member</w> of</w> the</w> <special1> <special1> political</w> party</w> .</w> </s>,Job bik</w>,Hungarian</w> Socialist</w> Wor kers</w> '</w> Party</w>,0,Hungarian</w> Socialist</w> Wor kers</w> '</w> Party</w>,0,-0.41683
</s> Már ton</w> Horvá th</w> is</w> a</w> member</w> of</w> the</w> <special1> <special1> political</w> party</w> .</w> </s>,Job bik</w>,Communist</w> Party</w> of</w> Hungary</w>,0,Communist</w> Party</w> of</w> Hungary</w>,0,-0.55124
</s> György</w> Kel eti</w> is</w> a</w> member</w> of</w> the</w> <special1> <special1> political</w> party</w> .</w> </s>,Job bik</w>,Hungarian</w> Socialist</w> Wor kers</w> '</w> Party</w>,0,Hungarian</w> Socialist</w> Wor kers</w> '</w> Party</w>,0,-0.48926
</s> Ferenc</w> K ősz eg</w> is</w> a</w> member</w> of</w> the</w> <special1> <special1> political</w> party</w> .</w> </s>,Fid esz</w>,Alliance</w> of</w> Free</w> Democ rats</w>,0,Alliance</w> of</w> Free</w> Democ rats</w>,0,-0.51789
</s> Zoltán</w> Leng yel</w> is</w> a</w> member</w> of</w> the</w> <special1> <special1> political</w> party</w> .</w> </s>,Job bik</w>,Fid esz</w>,0,Fid esz</w>,0,-0.81441
</s> Le ó</w> L án czy</w> is</w> a</w> member</w> of</w> the</w> <special1> <special1> political</w> party</w> .</w> </s>,Fid esz</w>,Liberal</w> Party</w>,0,Liberal</w> Party</w>,0,-0.59006
</s> Tamás</w> Meg gyes</w> is</w> a</w> member</w> of</w> the</w> <special1> <special1> political</w> party</w> .</w> </s>,Job bik</w>,Fid esz</w>,0,Fid esz</w>,0,-0.46868
</s> Á dám</w> Mir kó cz ki</w> is</w> a</w> member</w> of</w> the</w> <special1> <special1> political</w> party</w> .</w> </s>,Job bik</w>,Job bik</w>,1,Job bik</w>,1,-0.75087
</s> Ferenc</w> Mol nár</w> is</w> a</w> member</w> of</w> the</w> <special1> <special1> political</w> party</w> .</w> </s>,Job bik</w>,Hungarian</w> Communist</w> Party</w>,0,Hungarian</w> Communist</w> Party</w>,0,-0.55593
</s> Lev ente</w> Mur ány i</w> is</w> a</w> member</w> of</w> the</w> <special1> <special1> political</w> party</w> .</w> </s>,Fid esz</w>,Hungarian</w> Democratic</w> Forum</w>,0,Hungarian</w> Democratic</w> Forum</w>,0,-0.79641
</s> Ferenc</w> Már ta</w> is</w> a</w> member</w> of</w> the</w> <special1> <special1> political</w> party</w> .</w> </s>,Job bik</w>,Hungarian</w> Socialist</w> Wor kers</w> '</w> Party</w>,0,Hungarian</w> Socialist</w> Wor kers</w> '</w> Party</w>,0,-0.68155
</s> Sándor</w> Pal kó</w> is</w> a</w> member</w> of</w> the</w> <special1> <special1> <special1> <special1> <special1> political</w> party</w> .</w> </s>,Országos</w> Demok rata</w> Szövet ség</w>,Hungarian</w> Communist</w> Party</w>,0,Hungarian</w> Communist</w> Party</w>,0,-0.71713
</s> László</w> Pern ecz ky</w> is</w> a</w> member</w> of</w> the</w> <special1> <special1> political</w> party</w> .</w> </s>,Job bik</w>,Polit ics</w> Can</w> Be</w> Differ ent</w>,0,Polit ics</w> Can</w> Be</w> Differ ent</w>,0,-0.57000
</s> Zsigmond</w> Per ényi</w> is</w> a</w> member</w> of</w> the</w> <special1> <special1> political</w> party</w> .</w> </s>,Fid esz</w>,National</w> Party</w> of</w> Work</w>,0,National</w> Party</w> of</w> Work</w>,0,-0.56443
</s> Tibor</w> Pet h ő</w> is</w> a</w> member</w> of</w> the</w> <special1> <special1> <special1> <special1> <special1> political</w> party</w> .</w> </s>,Országos</w> Demok rata</w> Szövet ség</w>,National</w> Pe asant</w> Party</w>,0,National</w> Pe asant</w> Party</w>,0,-0.72104
</s> György</w> Pog ác sá s</w> is</w> a</w> member</w> of</w> the</w> <special1> <special1> political</w> party</w> .</w> </s>,Job bik</w>,Hungarian</w> Socialist</w> Wor kers</w> '</w> Party</w>,0,Hungarian</w> Socialist</w> Wor kers</w> '</w> Party</w>,0,-0.64126
</s> László</w> Reg é czy - Nagy</w> is</w> a</w> member</w> of</w> the</w> <special1> <special1> political</w> party</w> .</w> </s>,Fid esz</w>,Hungarian</w> Democratic</w> Forum</w>,0,Hungarian</w> Democratic</w> Forum</w>,0,-0.49086
</s> Ferenc</w> Reis inger</w> is</w> a</w> member</w> of</w> the</w> <special1> <special1> <special1> <special1> <special1> political</w> party</w> .</w> </s>,Országos</w> Demok rata</w> Szövet ség</w>,Hungarian</w> Social</w> Democratic</w> Party</w>,0,Hungarian</w> Social</w> Democratic</w> Party</w>,0,-0.99325
</s> Attila</w> Ret kes</w> is</w> a</w> member</w> of</w> the</w> <special1> <special1> political</w> party</w> .</w> </s>,Fid esz</w>,Alliance</w> of</w> Free</w> Democ rats</w>,0,Alliance</w> of</w> Free</w> Democ rats</w>,0,-0.58355
</s> György</w> Rub ov szky</w> is</w> a</w> member</w> of</w> the</w> <special1> <special1> political</w> party</w> .</w> </s>,Job bik</w>,Christian</w> Democratic</w> People</w> 's</w> Party</w>,0,Christian</w> Democratic</w> People</w> 's</w> Party</w>,0,-0.55934
</s> Béla</w> V ág ó</w> is</w> a</w> member</w> of</w> the</w> <special1> <special1> political</w> party</w> .</w> </s>,Job bik</w>,Hungarian</w> Social</w> Democratic</w> Party</w>,0,Hungarian</w> Social</w> Democratic</w> Party</w>,0,-0.57067
</s> Alad ár</w> Weis shaus</w> is</w> a</w> member</w> of</w> the</w> <special1> <special1> <special1> <special1> <special1> political</w> party</w> .</w> </s>,Magyar</w> Demok rata</w> Szövet ség</w>,Hungarian</w> Social</w> Democratic</w> Party</w>,0,Hungarian</w> Social</w> Democratic</w> Party</w>,0,-0.86607
</s> Gábor</w> Sch eir ing</w> is</w> a</w> member</w> of</w> the</w> <special1> <special1> political</w> party</w> .</w> </s>,Job bik</w>,Polit ics</w> Can</w> Be</w> Differ ent</w>,0,Polit ics</w> Can</w> Be</w> Differ ent</w>,0,-0.45186
</s> János</w> K ő vári</w> is</w> a</w> member</w> of</w> the</w> <special1> <special1> political</w> party</w> .</w> </s>,Job bik</w>,Fid esz</w>,0,Fid esz</w>,0,-0.63747
</s> Lajos</w> Kup c sok</w> is</w> a</w> member</w> of</w> the</w> <special1> <special1> political</w> party</w> .</w> </s>,Fid esz</w>,Fid esz</w>,1,Fid esz</w>,1,-0.63274
</s> László</w> Kosz or ús</w> is</w> a</w> member</w> of</w> the</w> <special1> <special1> political</w> party</w> .</w> </s>,Job bik</w>,Fid esz</w>,0,Fid esz</w>,0,-0.40612
</s> László</w> Lak os</w> is</w> a</w> member</w> of</w> the</w> <special1> <special1> political</w> party</w> .</w> </s>,Job bik</w>,Hungarian</w> Socialist</w> Wor kers</w> '</w> Party</w>,0,Hungarian</w> Socialist</w> Wor kers</w> '</w> Party</w>,0,-0.63492
</s> Már k</w> B író</w> is</w> a</w> member</w> of</w> the</w> <special1> <special1> political</w> party</w> .</w> </s>,Job bik</w>,Fid esz</w>,0,Fid esz</w>,0,-0.67529
</s> Pál</w> Kon tur</w> is</w> a</w> member</w> of</w> the</w> <special1> <special1> political</w> party</w> .</w> </s>,Fid esz</w>,Christian</w> Democratic</w> People</w> 's</w> Party</w>,0,Christian</w> Democratic</w> People</w> 's</w> Party</w>,0,-0.54690
</s> Péter</w> Szil á gyi</w> is</w> a</w> member</w> of</w> the</w> <special1> <special1> <special1> <special1> <special1> political</w> party</w> .</w> </s>,Országos</w> Demok rata</w> Szövet ség</w>,Hungarian</w> Socialist</w> Party</w>,0,Hungarian</w> Socialist</w> Party</w>,0,-0.75315
</s> Sz abol cs</w> Cz ira</w> is</w> a</w> member</w> of</w> the</w> <special1> <special1> <special1> <special1> <special1> political</w> party</w> .</w> </s>,Országos</w> Demok rata</w> Szövet ség</w>,Fid esz</w>,0,Fid esz</w>,0,-0.90352
</s> Sándor</w> Bej czy</w> is</w> a</w> member</w> of</w> the</w> <special1> <special1> <special1> <special1> <special1> political</w> party</w> .</w> </s>,Országos</w> Demok rata</w> Szövet ség</w>,"Independent</w> Small hol ders</w> ,</w> Agr arian</w> Wor kers</w> and</w> Ci vic</w> Party</w>",0,"Independent</w> Small hol ders</w> ,</w> Agr arian</w> Wor kers</w> and</w> Ci vic</w> Party</w>",0,-0.80317
</s> Sándor</w> Far kas</w> is</w> a</w> member</w> of</w> the</w> <special1> <special1> <special1> <special1> <special1> political</w> party</w> .</w> </s>,Országos</w> Demok rata</w> Szövet ség</w>,Fid esz</w>,0,Fid esz</w>,0,-0.79650
</s> Tibor</w> Z sit vay</w> is</w> a</w> member</w> of</w> the</w> <special1> <special1> political</w> party</w> .</w> </s>,Job bik</w>,Christian</w> National</w> Party</w>,0,Christian</w> National</w> Party</w>,0,-0.78597
</s> Vir ág</w> Kau fer</w> is</w> a</w> member</w> of</w> the</w> <special1> <special1> political</w> party</w> .</w> </s>,Job bik</w>,Polit ics</w> Can</w> Be</w> Differ ent</w>,0,Polit ics</w> Can</w> Be</w> Differ ent</w>,0,-0.72895
</s> M ór</w> Er délyi</w> is</w> a</w> member</w> of</w> the</w> <special1> <special1> political</w> party</w> .</w> </s>,Job bik</w>,Hungarian</w> Social</w> Democratic</w> Party</w>,0,Hungarian</w> Social</w> Democratic</w> Party</w>,0,-0.63516
</s> E dit</w> Horvá th</w> is</w> a</w> member</w> of</w> the</w> <special1> <special1> political</w> party</w> .</w> </s>,Fid esz</w>,Communist</w> Party</w> of</w> Hungary</w>,0,Communist</w> Party</w> of</w> Hungary</w>,0,-0.60670
</s> László</w> Bok or</w> is</w> a</w> member</w> of</w> the</w> <special1> <special1> political</w> party</w> .</w> </s>,Job bik</w>,Hungarian</w> Socialist</w> Wor kers</w> '</w> Party</w>,0,Hungarian</w> Socialist</w> Wor kers</w> '</w> Party</w>,0,-0.44756
</s> Pál</w> E ötv ös</w> is</w> a</w> member</w> of</w> the</w> <special1> <special1> political</w> party</w> .</w> </s>,Fid esz</w>,Hungarian</w> Socialist</w> Wor kers</w> '</w> Party</w>,0,Hungarian</w> Socialist</w> Wor kers</w> '</w> Party</w>,0,-0.50489
</s> Ná nd or</w> G úr</w> is</w> a</w> member</w> of</w> the</w> <special1> <special1> <special1> political</w> party</w> .</w> </s>,Ný Ný Ný,Hungarian</w> Socialist</w> Party</w>,0,Hungarian</w> Socialist</w> Party</w>,0,-0.78951
</s> György</w> Antal ffy</w> is</w> a</w> member</w> of</w> the</w> <special1> <special1> political</w> party</w> .</w> </s>,Job bik</w>,Hungarian</w> Socialist</w> Wor kers</w> '</w> Party</w>,0,Hungarian</w> Socialist</w> Wor kers</w> '</w> Party</w>,0,-0.53870
</s> Z suz san na</w> Ju há sz</w> is</w> a</w> member</w> of</w> the</w> <special1> <special1> <special1> <special1> <special1> political</w> party</w> .</w> </s>,„</w> „</w> „</w> „</w> „</w>,Hungarian</w> Socialist</w> Wor kers</w> '</w> Party</w>,0,Hungarian</w> Socialist</w> Wor kers</w> '</w> Party</w>,0,-0.44461
</s> Tú ró s</w> András</w> is</w> a</w> member</w> of</w> the</w> <special1> <special1> political</w> party</w> .</w> </s>,Job bik</w>,Hungarian</w> Socialist</w> Wor kers</w> '</w> Party</w>,0,Hungarian</w> Socialist</w> Wor kers</w> '</w> Party</w>,0,-0.39121
</s> Pál</w> Ková cs</w> is</w> a</w> member</w> of</w> the</w> <special1> <special1> political</w> party</w> .</w> </s>,Job bik</w>,Liberal</w> Party</w>,0,Liberal</w> Party</w>,0,-0.66466
</s> András</w> Ger gely</w> is</w> a</w> member</w> of</w> the</w> <special1> <special1> political</w> party</w> .</w> </s>,Job bik</w>,Hungarian</w> Democratic</w> Forum</w>,0,Hungarian</w> Democratic</w> Forum</w>,0,-0.39686
</s> G ál</w> József</w> is</w> a</w> member</w> of</w> the</w> <special1> <special1> political</w> party</w> .</w> </s>,Job bik</w>,Polit ics</w> Can</w> Be</w> Differ ent</w>,0,Polit ics</w> Can</w> Be</w> Differ ent</w>,0,-0.55869
</s> Sándor</w> Nó grá di</w> is</w> a</w> member</w> of</w> the</w> <special1> <special1> <special1> <special1> <special1> political</w> party</w> .</w> </s>,Országos</w> Demok rata</w> Szövet ség</w>,Hungarian</w> Socialist</w> Wor kers</w> '</w> Party</w>,0,Hungarian</w> Socialist</w> Wor kers</w> '</w> Party</w>,0,-0.76115
</s> Ger gely</w> Ková cs</w> is</w> a</w> member</w> of</w> the</w> <special1> <special1> political</w> party</w> .</w> </s>,Job bik</w>,Hungarian</w> T wo- ta iled</w> Dog</w> Party</w>,0,Hungarian</w> T wo- ta iled</w> Dog</w> Party</w>,0,-0.50531
</s> János</w> Tó th</w> is</w> a</w> member</w> of</w> the</w> <special1> <special1> political</w> party</w> .</w> </s>,Job bik</w>,Hungarian</w> Socialist</w> Wor kers</w> '</w> Party</w>,0,Hungarian</w> Socialist</w> Wor kers</w> '</w> Party</w>,0,-0.53807
</s> Mihály</w> W itz mann</w> is</w> a</w> member</w> of</w> the</w> <special1> <special1> <special1> <special1> <special1> political</w> party</w> .</w> </s>,Országos</w> Demok rata</w> Szövet ség</w>,Fid esz</w>,0,Fid esz</w>,0,-0.78623
</s> Ger gely</w> Kul csá r</w> is</w> a</w> member</w> of</w> the</w> <special1> <special1> political</w> party</w> .</w> </s>,Job bik</w>,Job bik</w>,1,Job bik</w>,1,-0.54344
</s> Th as sy</w> Krist óf</w> is</w> a</w> member</w> of</w> the</w> <special1> <special1> <special1> <special1> political</w> party</w> .</w> </s>,Ný Ný Ný Ný,United</w> Christian</w> Party</w>,0,United</w> Christian</w> Party</w>,0,-0.53006
</s> György</w> Szil asy</w> is</w> a</w> member</w> of</w> the</w> <special1> <special1> political</w> party</w> .</w> </s>,Job bik</w>,Hungarian</w> Justice</w> and</w> Life</w> Party</w>,0,Hungarian</w> Justice</w> and</w> Life</w> Party</w>,0,-0.52558
</s> László</w> Bol dv ai</w> is</w> a</w> member</w> of</w> the</w> <special1> <special1> political</w> party</w> .</w> </s>,Job bik</w>,Hungarian</w> Socialist</w> Wor kers</w> '</w> Party</w>,0,Hungarian</w> Socialist</w> Wor kers</w> '</w> Party</w>,0,-0.56282
</s> Miklós</w> Heg ed üs</w> is</w> a</w> member</w> of</w> the</w> <special1> <special1> political</w> party</w> .</w> </s>,Job bik</w>,"Independent</w> Small hol ders</w> ,</w> Agr arian</w> Wor kers</w> and</w> Ci vic</w> Party</w>",0,"Independent</w> Small hol ders</w> ,</w> Agr arian</w> Wor kers</w> and</w> Ci vic</w> Party</w>",0,-0.62749
</s> Á kos</w> B ence</w> G át</w> is</w> a</w> member</w> of</w> the</w> <special1> <special1> <special1> <special1> <special1> political</w> party</w> .</w> </s>,Országos</w> Demok rata</w> Szövet ség</w>,Fid esz</w>,0,Fid esz</w>,0,-0.72375
</s> György</w> Buz in kay</w> is</w> a</w> member</w> of</w> the</w> <special1> <special1> political</w> party</w> .</w> </s>,Job bik</w>,Mom entum</w> Movement</w>,0,Mom entum</w> Movement</w>,0,-0.45721
</s> Tamás</w> Ger g ő</w> Ferenc z</w> is</w> a</w> member</w> of</w> the</w> <special1> <special1> <special1> <special1> <special1> political</w> party</w> .</w> </s>,Országos</w> Demok rata</w> Szövet ség</w>,Our</w> Hom eland</w> Movement</w>,0,Our</w> Hom eland</w> Movement</w>,0,-0.63188
</s> Sándor</w> Mé szá ros</w> is</w> a</w> member</w> of</w> the</w> <special1> <special1> <special1> <special1> <special1> political</w> party</w> .</w> </s>,Országos</w> Demok rata</w> Szövet ség</w>,Our</w> Hom eland</w> Movement</w>,0,Our</w> Hom eland</w> Movement</w>,0,-0.65649
</s> Vik tó ria</w> Jel ics</w> is</w> a</w> member</w> of</w> the</w> <special1> <special1> political</w> party</w> .</w> </s>,Job bik</w>,Our</w> Hom eland</w> Movement</w>,0,Our</w> Hom eland</w> Movement</w>,0,-0.72761
</s> László</w> Józ sa</w> is</w> a</w> member</w> of</w> the</w> <special1> <special1> political</w> party</w> .</w> </s>,Job bik</w>,Polit ics</w> Can</w> Be</w> Differ ent</w>,0,Polit ics</w> Can</w> Be</w> Differ ent</w>,0,-0.56685
</s> Bal áz s</w> Sz ü cs</w> is</w> a</w> member</w> of</w> the</w> <special1> <special1> political</w> party</w> .</w> </s>,Job bik</w>,Di alogue</w> for</w> Hungary</w>,0,Di alogue</w> for</w> Hungary</w>,0,-0.50643
</s> Ele k</w> For ster</w> is</w> a</w> member</w> of</w> the</w> <special1> political</w> party</w> .</w> </s>,Venstre</w>,Agr arian</w> Party</w> (</w> Agr ár párt</w> )</w>,0,Agr arian</w> Party</w> (</w> Agr ár párt</w> )</w>,0,-0.94096
</s> Ger gely</w> K álló</w> is</w> a</w> member</w> of</w> the</w> <special1> <special1> political</w> party</w> .</w> </s>,Job bik</w>,Job bik</w>,1,Job bik</w>,1,-0.53988
</s> Ferenc</w> Vid ov ics</w> is</w> a</w> member</w> of</w> the</w> <special1> <special1> political</w> party</w> .</w> </s>,Fid esz</w>,"Independent</w> Small hol ders</w> ,</w> Agr arian</w> Wor kers</w> and</w> Ci vic</w> Party</w>",0,"Independent</w> Small hol ders</w> ,</w> Agr arian</w> Wor kers</w> and</w> Ci vic</w> Party</w>",0,-0.65118
</s> Sándor</w> Or szág h</w> is</w> a</w> member</w> of</w> the</w> <special1> <special1> political</w> party</w> .</w> </s>,Job bik</w>,Liberal</w> Party</w>,0,Liberal</w> Party</w>,0,-0.53498
</s> Ár min</w> Lad ány i</w> is</w> a</w> member</w> of</w> the</w> <special1> <special1> <special1> <special1> <special1> political</w> party</w> .</w> </s>,Országos</w> Demok rata</w> Szövet ség</w>,Hungarian</w> Social</w> Democratic</w> Party</w>,0,Hungarian</w> Social</w> Democratic</w> Party</w>,0,-0.83932
</s> Zoltán</w> Ger g ő</w> is</w> a</w> member</w> of</w> the</w> <special1> <special1> political</w> party</w> .</w> </s>,Job bik</w>,Hungarian</w> Communist</w> Party</w>,0,Hungarian</w> Communist</w> Party</w>,0,-0.73056
